Column1,total_input traffic,total_traffic access,total_traffic metro,total_active antennas,total_loss
0,26.33660495,256,26.33660495,64,0
0,26.20396708,256,26.20396708,64,0
0,26.21260834,256,26.21260834,64,0
0,26.16396836,256,26.16396836,64,0
0,26.04547996,256,26.04547996,64,0
0,26.03211868,256,26.03211868,64,0
0,25.85701485,256,25.85701485,64,0
0,25.89310519,256,25.89310519,64,0
0,25.93011162,256,25.93011162,64,0
0,25.53821852,256,25.53821852,64,0
0,25.44649011,256,25.44649011,64,0
0,25.65513143,256,25.65513143,64,0
0,25.30744372,256,25.30744372,64,0
0,25.20066435,256,25.20066435,64,0
0,25.18084413,256,25.18084413,64,0
0,25.14885303,256,25.14885303,64,0
0,25.09258079,256,25.09258079,64,0
0,24.9047956,256,24.9047956,64,0
0,24.80315341,256,24.80315341,64,0
0,24.77845996,256,24.77845996,64,0
0,24.62693677,256,24.62693677,64,0
0,24.59863238,256,24.59863238,64,0
0,24.48992665,256,24.48992665,64,0
0,24.21264195,256,24.21264195,64,0
0,24.23308261,256,24.23308261,64,0
0,24.05440393,256,24.05440393,64,0
0,23.88958068,256,23.88958068,64,0
0,24.03088612,256,24.03088612,64,0
0,23.81018381,256,23.81018381,64,0
0,23.64810556,256,23.64810556,64,0
0,23.55773782,256,23.55773782,64,0
0,23.42625035,256,23.42625035,64,0
0,23.14241163,256,23.14241163,64,0
0,23.25265004,256,23.25265004,64,0
0,23.08232217,256,23.08232217,64,0
0,22.89026734,256,22.89026734,64,0
0,22.6357974,256,22.6357974,64,0
0,22.75817886,256,22.75817886,64,0
0,22.56417052,256,22.56417052,64,0
0,22.4996702,256,22.4996702,64,0
0,22.32408729,256,22.32408729,64,0
0,22.20043607,256,22.20043607,64,0
0,21.91179634,256,21.91179634,64,0
0,21.84707643,256,21.84707643,64,0
0,21.82559284,256,21.82559284,64,0
0,21.69476251,256,21.69476251,64,0
0,21.63043967,256,21.63043967,64,0
0,21.40897549,256,21.40897549,64,0
0,21.32186396,256,21.32186396,64,0
0,21.04827561,256,21.04827561,64,0
0,20.99424201,256,20.99424201,64,0
0,20.88760179,256,20.88760179,64,0
0,20.80126087,256,20.80126087,64,0
0,20.59523802,256,20.59523802,64,0
0,20.47976917,256,20.47976917,64,0
0,20.13348114,256,20.13348114,64,0
0,20.23818414,256,20.23818414,64,0
0,20.08101784,256,20.08101784,64,0
0,19.87873142,256,19.87873142,64,0
0,19.61775584,256,19.61775584,64,0
0,19.65046444,256,19.65046444,64,0
0,19.51047668,256,19.51047668,64,0
0,19.35291551,256,19.35291551,64,0
0,19.24574378,256,19.24574378,64,0
0,19.09105585,256,19.09105585,64,0
0,19.01717145,256,19.01717145,64,0
0,18.78909049,256,18.78909049,64,0
0,18.68202152,256,18.68202152,64,0
0,18.54798873,256,18.54798873,64,0
0,18.47446005,256,18.47446005,64,0
0,18.2705598,256,18.2705598,64,0
0,18.09226076,256,18.09226076,64,0
0,18.0016387,256,18.0016387,64,0
0,18.04996721,256,18.04996721,64,0
0,17.79387837,256,17.79387837,64,0
0,17.66005015,256,17.66005015,64,0
0,17.49442557,256,17.49442557,64,0
0,17.45911167,256,17.45911167,64,0
0,17.23579592,256,17.23579592,64,0
0,17.11994847,256,17.11994847,64,0
0,16.91912218,256,16.91912218,64,0
0,16.99619399,256,16.99619399,64,0
0,16.76863734,256,16.76863734,64,0
0,16.7869182,256,16.7869182,64,0
0,16.55019665,256,16.55019665,64,0
0,16.47973454,256,16.47973454,64,0
0,16.3375503,256,16.3375503,64,0
0,16.10338284,256,16.10338284,64,0
0,16.08943797,256,16.08943797,64,0
0,15.96939342,256,15.96939342,64,0
0,15.87124775,256,15.87124775,64,0
0,15.79187318,256,15.79187318,64,0
0,15.60649892,256,15.60649892,64,0
0,15.53415468,256,15.53415468,64,0
0,15.53342442,256,15.53342442,64,0
0,15.34276346,256,15.34276346,64,0
0,15.35071186,256,15.35071186,64,0
0,15.17270489,256,15.17270489,64,0
0,15.06469795,256,15.06469795,64,0
0,14.94104403,256,14.94104403,64,0
0,14.81506469,256,14.81506469,64,0
0,14.73052831,256,14.73052831,64,0
0,14.77924904,256,14.77924904,64,0
0,14.65087853,256,14.65087853,64,0
0,14.49942572,256,14.49942572,64,0
0,14.44407182,256,14.44407182,64,0
0,14.30598725,256,14.30598725,64,0
0,14.23166002,256,14.23166002,64,0
0,14.27828602,256,14.27828602,64,0
0,14.15847224,256,14.15847224,64,0
0,14.10426602,256,14.10426602,64,0
0,14.02710013,256,14.02710013,64,0
0,13.95985473,256,13.95985473,64,0
0,13.8772707,256,13.8772707,64,0
0,13.8113426,256,13.8113426,64,0
0,13.76224755,256,13.76224755,64,0
0,13.69674541,256,13.69674541,64,0
0,13.61755186,256,13.61755186,64,0
0,13.62808962,256,13.62808962,64,0
0,13.60735296,256,13.60735296,64,0
0,13.51562144,128.7799681,128.7799681,64,0
0,13.53389208,128.9436731,128.9436731,64,0
0,13.48174634,128.4764472,128.4764472,64,0
0,13.39233741,127.6753432,127.6753432,64,0
0,13.34931588,127.2898703,127.2898703,64,0
0,13.34891035,127.2862368,127.2862368,64,0
0,13.2441224,126.3473367,126.3473367,64,0
0,13.34066476,127.2123562,127.2123562,64,0
0,13.15871594,125.5820948,125.5820948,64,0
0,13.1692923,125.676859,125.676859,64,0
0,13.30055881,126.8530069,126.8530069,64,0
0,13.19055708,125.8673914,125.8673914,64,0
0,13.2087228,126.0301563,126.0301563,64,0
0,13.09363099,124.9989337,124.9989337,64,0
0,13.08799649,124.9484486,124.9484486,64,0
0,13.08476655,124.9195083,124.9195083,64,0
0,13.1484855,125.4904301,125.4904301,64,0
0,13.09334541,124.9963748,124.9963748,64,0
0,13.13988182,125.4133411,125.4133411,64,0
0,13.12788533,125.3058526,125.3058526,64,0
0,13.09214407,124.9856109,124.9856109,64,0
0,13.16824943,125.6675149,125.6675149,64,0
0,13.12008994,125.2360059,125.2360059,64,0
0,12.96351264,123.8330732,123.8330732,64,0
0,13.09598526,125.0200279,125.0200279,64,0
0,13.03117659,124.4393422,124.4393422,64,0
0,13.03786313,124.4992536,124.4992536,64,0
0,13.07834857,124.8620032,124.8620032,64,0
0,13.01821438,124.3232008,124.3232008,64,0
0,12.99135005,124.0824965,124.0824965,64,0
0,12.94589223,123.6751944,123.6751944,64,0
0,13.15107866,125.5136648,125.5136648,64,0
0,12.97839595,123.9664277,123.9664277,64,0
0,13.08517433,124.923162,124.923162,64,0
0,12.93241072,123.5544,123.5544,64,0
0,12.94952355,123.707731,123.707731,64,0
0,13.02491413,124.3832306,124.3832306,64,0
0,12.96086253,123.8093282,123.8093282,64,0
0,12.91951307,123.4388371,123.4388371,64,0
0,12.88030804,123.08756,123.08756,64,0
0,12.98214863,124.0000517,124.0000517,64,0
0,12.98963298,124.0671115,124.0671115,64,0
0,12.94188905,123.6393259,123.6393259,64,0
0,12.91730945,123.4190927,123.4190927,64,0
0,12.94639056,123.6796595,123.6796595,64,0
0,12.81772001,122.5267713,122.5267713,64,0
0,12.90361137,123.2963579,123.2963579,64,0
0,12.8206213,122.5527669,122.5527669,64,0
0,12.78681606,122.2498719,122.2498719,64,0
0,12.73592653,121.7939017,121.7939017,64,0
0,12.77540844,122.1476596,122.1476596,64,0
0,12.72853943,121.7277133,121.7277133,64,0
0,12.72191184,121.6683301,121.6683301,64,0
0,12.66430616,121.1521831,121.1521831,64,0
0,12.56471504,120.2598468,120.2598468,64,0
0,12.51495395,119.8139874,119.8139874,64,0
0,12.47481929,119.4543808,119.4543808,64,0
0,12.42295667,118.9896918,118.9896918,64,0
0,12.45728037,119.2972321,119.2972321,64,0
0,12.31997569,118.0669822,118.0669822,64,0
0,12.26617849,117.5849593,117.5849593,64,0
0,12.25317334,117.4684331,117.4684331,64,0
0,12.26415886,117.5668634,117.5668634,64,0
0,12.13702111,116.4277092,116.4277092,64,0
0,12.21593634,117.1347896,117.1347896,64,0
0,12.07532517,115.8749135,115.8749135,64,0
0,11.90073575,114.3105924,114.3105924,64,0
0,11.96023264,114.8436844,114.8436844,64,0
0,11.79970097,113.4053207,113.4053207,64,0
0,11.85134467,113.8680482,113.8680482,64,0
0,11.6922333,112.4424104,112.4424104,64,0
0,11.65958502,112.1498818,112.1498818,64,0
0,11.49259209,110.6536252,110.6536252,64,0
0,11.41818216,109.9869122,109.9869122,64,0
0,11.34396011,109.3218826,109.3218826,64,0
0,11.25624611,108.5359651,108.5359651,64,0
0,11.2407084,108.3967472,108.3967472,64,0
0,11.13723397,107.4696164,107.4696164,64,0
0,11.08626035,107.0128928,107.0128928,64,0
0,10.99827266,106.224523,106.224523,64,0
0,10.88570005,105.2158725,105.2158725,64,0
0,10.79191087,104.3755214,104.3755214,64,0
0,10.67078512,103.2902346,103.2902346,64,0
0,10.58763984,102.545253,102.545253,64,0
0,10.56933176,102.3812125,102.3812125,64,0
0,10.42325296,101.0723465,101.0723465,64,0
0,10.28448765,99.82900933,99.82900933,64,0
0,10.24884019,99.50960811,99.50960811,64,0
0,10.22234403,99.27220247,99.27220247,64,0
0,10.0335741,97.58082393,97.58082393,64,0
0,10.0252176,97.50594974,97.50594974,64,0
0,9.897865129,96.36487156,96.36487156,64,0
0,9.836894588,95.81857551,95.81857551,64,0
0,9.692443511,94.52429386,94.52429386,64,0
0,9.586600282,93.57593853,93.57593853,64,0
0,9.584031947,93.55292624,93.55292624,64,0
0,9.409057011,91.98515082,91.98515082,64,0
0,9.377858841,91.70561522,91.70561522,64,0
0,9.273399735,90.76966163,90.76966163,64,0
0,9.209858108,90.20032865,90.20032865,64,0
0,9.136407676,89.54221278,89.54221278,64,0
0,9.073407094,88.97772756,88.97772756,64,0
0,8.969721712,88.04870654,88.04870654,64,0
0,8.904502872,87.46434573,87.46434573,64,0
0,8.833595838,86.82901871,86.82901871,64,0
0,8.774160613,86.29647909,86.29647909,64,0
0,8.67424842,85.40126585,85.40126585,64,0
0,8.658300245,85.2583702,85.2583702,64,0
0,8.506212867,83.89566728,83.89566728,64,0
0,8.477988692,83.64277868,83.64277868,64,0
0,8.447968584,83.37379851,83.37379851,64,0
0,8.368423234,82.66107218,82.66107218,64,0
0,8.304370016,82.08715534,82.08715534,64,0
0,8.198520123,81.1387403,81.1387403,64,0
0,8.212786058,81.26656308,81.26656308,64,0
0,8.030060619,79.62934315,79.62934315,64,0
0,8.033418343,79.65942835,79.65942835,64,0
0,8.002736072,79.38451521,79.38451521,64,0
0,7.943680603,78.8553782,78.8553782,64,0
0,7.96385577,79.0361477,79.0361477,64,0
0,7.910924911,78.56188721,78.56188721,64,0
0,7.862162779,78.1249785,78.1249785,64,0
0,7.890372696,78.37773936,78.37773936,64,0
0,7.872203253,78.21494114,78.21494114,64,0
0,7.861707989,78.12090358,78.12090358,64,0
0,7.890779751,78.38138657,78.38138657,64,0
0,7.887619742,78.35307289,78.35307289,64,0
0,7.892586571,78.39757568,78.39757568,64,0
0,7.841262821,77.93771488,77.93771488,64,0
0,7.880058731,78.28532623,78.28532623,64,0
0,7.811702855,77.67285758,77.67285758,64,0
0,7.86421505,78.14336685,78.14336685,64,0
0,7.81025116,77.6598504,77.6598504,64,0
0,7.872479545,78.21741672,78.21741672,64,0
0,7.861708246,78.12090589,78.12090589,64,0
0,7.895158161,78.42061713,78.42061713,64,0
0,7.865525861,78.15511172,78.15511172,64,0
0,7.842830417,77.95176054,77.95176054,64,0
0,7.840476934,77.93067333,77.93067333,64,0
0,7.912466269,78.57569777,78.57569777,64,0
0,7.872436998,78.2170355,78.2170355,64,0
0,7.922919978,78.669363,78.669363,64,0
0,7.935969707,78.78628857,78.78628857,64,0
0,7.925777445,78.69496591,78.69496591,64,0
0,7.898273579,78.44853127,78.44853127,64,0
0,7.998289096,79.3446703,79.3446703,64,0
0,7.990626777,79.27601592,79.27601592,64,0
0,7.968888665,79.08124243,79.08124243,64,0
0,7.961012908,79.01067566,79.01067566,64,0
0,7.996801902,79.33134504,79.33134504,64,0
0,7.992467275,79.29250679,79.29250679,64,0
0,8.036077076,79.6832506,79.6832506,64,0
0,8.080545258,80.08168551,80.08168551,64,0
0,8.063974945,79.93321551,79.93321551,64,0
0,8.127124272,80.49903347,80.49903347,64,0
0,8.131924414,80.54204275,80.54204275,64,0
0,8.116099874,80.40025487,80.40025487,64,0
0,8.087693434,80.14573317,80.14573317,64,0
0,8.183314028,81.00249369,81.00249369,64,0
0,8.219702494,81.32853434,81.32853434,64,0
0,8.143624937,80.64687944,80.64687944,64,0
0,8.244968853,81.55492092,81.55492092,64,0
0,8.209673824,81.23867746,81.23867746,64,0
0,8.286199769,81.92434993,81.92434993,64,0
0,8.267346967,81.75542883,81.75542883,64,0
0,8.268165149,81.76275973,81.76275973,64,0
0,8.251553812,81.61392215,81.61392215,64,0
0,8.33175432,82.3325187,82.3325187,64,0
0,8.29442888,81.99808276,81.99808276,64,0
0,8.277665297,81.84788106,81.84788106,64,0
0,8.339405444,82.40107278,82.40107278,64,0
0,8.385178032,82.81119517,82.81119517,64,0
0,8.396285782,82.9107206,82.9107206,64,0
0,8.356435376,82.55366097,82.55366097,64,0
0,8.389585451,82.85068564,82.85068564,64,0
0,8.428762317,83.20171036,83.20171036,64,0
0,8.495294611,83.79783971,83.79783971,64,0
0,8.438286479,83.28704685,83.28704685,64,0
0,8.529320046,84.10270761,84.10270761,64,0
0,8.498485679,83.82643168,83.82643168,64,0
0,8.565608354,84.42785085,84.42785085,64,0
0,8.559564571,84.37369855,84.37369855,64,0
0,8.613698361,84.85873732,84.85873732,64,0
0,8.599690152,84.73322376,84.73322376,64,0
0,8.653949431,85.2193869,85.2193869,64,0
0,8.643782458,85.12829083,85.12829083,64,0
0,8.648150912,85.16743217,85.16743217,64,0
0,8.660884357,85.28152384,85.28152384,64,0
0,8.713063639,85.7490502,85.7490502,64,0
0,8.666243337,85.3295403,85.3295403,64,0
0,8.731457824,85.9138621,85.9138621,64,0
0,8.772551925,86.28206524,86.28206524,64,0
0,8.802032859,86.54621441,86.54621441,64,0
0,8.776911059,86.32112309,86.32112309,64,0
0,8.825926166,86.76029844,86.76029844,64,0
0,8.840535681,86.8911997,86.8911997,64,0
0,8.821411999,86.71985151,86.71985151,64,0
0,8.846622882,86.94574102,86.94574102,64,0
0,8.885864098,87.29734231,87.29734231,64,0
0,8.865295347,87.1130463,87.1130463,64,0
0,8.915890343,87.56637747,87.56637747,64,0
0,8.933779004,87.72665988,87.72665988,64,0
0,8.926620393,87.66251873,87.66251873,64,0
0,8.928776311,87.68183575,87.68183575,64,0
0,8.940207033,87.78425502,87.78425502,64,0
0,8.888362586,87.31972877,87.31972877,64,0
0,9.000810659,88.32726351,88.32726351,64,0
0,8.88679955,87.30572397,87.30572397,64,0
0,8.954030715,87.9081152,87.9081152,64,0
0,9.02188608,88.51609927,88.51609927,64,0
0,8.923158367,87.63149897,87.63149897,64,0
0,8.98605744,88.19507467,88.19507467,64,0
0,8.979546241,88.13673432,88.13673432,64,0
0,8.984836698,88.18413681,88.18413681,64,0
0,9.005044867,88.365202,88.365202,64,0
0,8.944584368,87.82347594,87.82347594,64,0
0,8.991490917,88.24375862,88.24375862,64,0
0,9.063882511,88.8923873,88.8923873,64,0
0,9.017492882,88.47673622,88.47673622,64,0
0,8.943841784,87.81682239,87.81682239,64,0
0,8.942026857,87.80056064,87.80056064,64,0
0,9.016508552,88.46791663,88.46791663,64,0
0,9.011973257,88.42728038,88.42728038,64,0
0,9.077569237,89.01502037,89.01502037,64,0
0,8.99256025,88.25333984,88.25333984,64,0
0,9.0059938,88.37370445,88.37370445,64,0
0,9.008475349,88.39593913,88.39593913,64,0
0,8.980774754,88.1477418,88.1477418,64,0
0,9.013476339,88.440748,88.440748,64,0
0,9.000442934,88.32396869,88.32396869,64,0
0,8.991568875,88.24445712,88.24445712,64,0
0,8.900260272,87.42633203,87.42633203,64,0
0,8.890037386,87.33473498,87.33473498,64,0
0,8.937915712,87.76372478,87.76372478,64,0
0,8.950065375,87.87258576,87.87258576,64,0
0,8.975637349,88.10171065,88.10171065,64,0
0,8.945837225,87.83470154,87.83470154,64,0
0,8.948347849,87.85719673,87.85719673,64,0
0,8.959675114,87.95868902,87.95868902,64,0
0,8.943089196,87.8100792,87.8100792,64,0
0,8.9049734,87.46856166,87.46856166,64,0
0,8.974058198,88.08756145,88.08756145,64,0
0,8.930020821,87.69298656,87.69298656,64,0
0,8.936129657,87.74772173,87.74772173,64,0
0,8.974274276,88.08949751,88.08949751,64,0
0,8.830500722,86.80128647,86.80128647,64,0
0,8.911586981,87.52781935,87.52781935,64,0
0,8.922195644,87.62287297,87.62287297,64,0
0,8.926503404,87.6614705,87.6614705,64,0
0,8.948263312,87.85643928,87.85643928,64,0
0,9.000160874,88.32144143,88.32144143,64,0
0,8.961865688,87.97831657,87.97831657,64,0
0,8.880172216,87.24634305,87.24634305,64,0
0,8.939220772,87.77541812,87.77541812,64,0
0,8.9597806,87.95963417,87.95963417,64,0
0,8.865106021,87.11134995,87.11134995,64,0
0,8.915478064,87.56268345,87.56268345,64,0
0,8.906062488,87.47831989,87.47831989,64,0
0,8.903762291,87.45771012,87.45771012,64,0
0,8.911055422,87.52305658,87.52305658,64,0
0,8.867423981,87.13211887,87.13211887,64,0
0,8.885511123,87.29417966,87.29417966,64,0
0,8.876101296,87.20986761,87.20986761,64,0
0,8.877207421,87.21977849,87.21977849,64,0
0,8.907217949,87.48867282,87.48867282,64,0
0,8.840353092,86.8895637,86.8895637,64,0
0,8.916584337,87.57259566,87.57259566,64,0
0,8.779705527,86.34616153,86.34616153,64,0
0,8.879513906,87.2404446,87.2404446,64,0
0,8.833787492,86.83073593,86.83073593,64,0
0,8.782474259,86.37096936,86.37096936,64,0
0,8.834962724,86.841266,86.841266,64,0
0,8.808825272,86.60707444,86.60707444,64,0
0,8.759249214,86.16287296,86.16287296,64,0
0,8.757727911,86.14924208,86.14924208,64,0
0,8.80871466,86.60608336,86.60608336,64,0
0,8.746031152,86.04443912,86.04443912,64,0
0,8.695755557,85.59396979,85.59396979,64,0
0,8.706504149,85.69027718,85.69027718,64,0
0,8.723742294,85.84473096,85.84473096,64,0
0,8.695026715,85.58743936,85.58743936,64,0
0,8.667244728,85.33851276,85.33851276,64,0
0,8.727413227,85.87762251,85.87762251,64,0
0,8.692338992,85.56335737,85.56335737,64,0
0,8.625359471,84.96322086,84.96322086,64,0
0,8.67664883,85.42277352,85.42277352,64,0
0,8.641348295,85.10648072,85.10648072,64,0
0,8.657096597,85.24758551,85.24758551,64,0
0,8.605988908,84.78966062,84.78966062,64,0
0,8.627778801,84.98489806,84.98489806,64,0
0,8.57201222,84.48522949,84.48522949,64,0
0,8.532736667,84.13332054,84.13332054,64,0
0,8.52119051,84.02986697,84.02986697,64,0
0,8.485259884,83.70792856,83.70792856,64,0
0,8.483125245,83.6888022,83.6888022,64,0
0,8.508373405,83.91502571,83.91502571,64,0
0,8.426278364,83.17945414,83.17945414,64,0
0,8.485019929,83.70577857,83.70577857,64,0
0,8.430286477,83.21536683,83.21536683,64,0
0,8.387904356,82.83562303,82.83562303,64,0
0,8.376668255,82.73494756,82.73494756,64,0
0,8.338158574,82.38990082,82.38990082,64,0
0,8.33119768,82.32753121,82.32753121,64,0
0,8.321034526,82.23646935,82.23646935,64,0
0,8.343548373,82.43819343,82.43819343,64,0
0,8.352229492,82.51597625,82.51597625,64,0
0,8.275771065,81.83090874,81.83090874,64,0
0,8.297648247,82.02692829,82.02692829,64,0
0,8.297345111,82.02421219,82.02421219,64,0
0,8.268452762,81.76533675,81.76533675,64,0
0,8.269274278,81.77269753,81.77269753,64,0
0,8.231247298,81.43197579,81.43197579,64,0
0,8.213139999,81.26973439,81.26973439,64,0
0,8.231811577,81.43703173,81.43703173,64,0
0,8.238199724,81.49426953,81.49426953,64,0
0,8.214004133,81.27747704,81.27747704,64,0
0,8.194657474,81.10413096,81.10413096,64,0
0,8.170450827,80.88723941,80.88723941,64,0
0,8.176696737,80.94320276,80.94320276,64,0
0,8.147276551,80.6795979,80.6795979,64,0
0,8.159691701,80.79083764,80.79083764,64,0
0,8.175704084,80.93430859,80.93430859,64,0
0,8.192910808,81.08848084,81.08848084,64,0
0,8.106295906,80.31241132,80.31241132,64,0
0,8.108711311,80.33405335,80.33405335,64,0
0,8.088553796,80.15344201,80.15344201,64,0
0,8.085698197,80.12785585,80.12785585,64,0
0,8.109034258,80.33694695,80.33694695,64,0
0,8.084768691,80.11952748,80.11952748,64,0
0,8.057410808,79.87440084,79.87440084,64,0
0,8.059348373,79.89176142,79.89176142,64,0
0,8.140472605,80.61863454,80.61863454,64,0
0,8.107810363,80.32598085,80.32598085,64,0
0,8.095895999,80.21922815,80.21922815,64,0
0,8.114448193,80.38545581,80.38545581,64,0
0,8.132670755,80.54872996,80.54872996,64,0
0,8.117173736,80.40987668,80.40987668,64,0
0,8.117475236,80.41257812,80.41257812,64,0
0,8.102273221,80.27636806,80.27636806,64,0
0,8.183277041,81.00216229,81.00216229,64,0
0,8.188986188,81.05331624,81.05331624,64,0
0,8.1943038,81.10096205,81.10096205,64,0
0,8.221376175,81.34353053,81.34353053,64,0
0,8.206529161,81.21050129,81.21050129,64,0
0,8.274890116,81.82301544,81.82301544,64,0
0,8.259950263,81.68915436,81.68915436,64,0
0,8.254967927,81.64451263,81.64451263,64,0
0,8.268670866,81.76729096,81.76729096,64,0
0,8.271087038,81.78893986,81.78893986,64,0
0,8.345190914,82.45291059,82.45291059,64,0
0,8.414752831,83.07618537,83.07618537,64,0
0,8.450383281,83.3954342,83.3954342,64,0
0,8.441589847,83.31664503,83.31664503,64,0
0,8.447686543,83.37127143,83.37127143,64,0
0,8.517728028,83.99884313,83.99884313,64,0
0,8.56960926,84.46369897,84.46369897,64,0
0,8.638756696,85.08326,85.08326,64,0
0,8.664003806,85.3094741,85.3094741,64,0
0,8.712454019,85.74358801,85.74358801,64,0
0,8.764331622,86.20841133,86.20841133,64,0
0,8.777284371,86.32446796,86.32446796,64,0
0,8.814409931,86.65711298,86.65711298,64,0
0,8.981511094,88.1543394,88.1543394,64,0
0,9.071941148,88.96459269,88.96459269,64,0
0,9.093730865,89.15982855,89.15982855,64,0
0,9.184177189,89.97022762,89.97022762,64,0
0,9.17603744,89.89729547,89.89729547,64,0
0,9.353551596,91.4878223,91.4878223,64,0
0,9.390288413,91.81698418,91.81698418,64,0
0,9.498355968,92.78526947,92.78526947,64,0
0,9.611236355,93.79667774,93.79667774,64,0
0,9.623367119,93.90536939,93.90536939,64,0
0,9.782242685,95.32889446,95.32889446,64,0
0,9.809718887,95.57508123,95.57508123,64,0
0,9.947525965,96.80983265,96.80983265,64,0
0,10.09104875,98.09579678,98.09579678,64,0
0,10.11521374,98.31231509,98.31231509,64,0
0,10.19000786,98.9824704,98.9824704,64,0
0,10.28686298,99.85029229,99.85029229,64,0
0,10.48005478,101.5812908,101.5812908,64,0
0,10.52362847,101.9717111,101.9717111,64,0
0,10.69752118,103.5297897,103.5297897,64,0
0,10.69418166,103.4998677,103.4998677,64,0
0,10.8782657,105.1492607,105.1492607,64,0
0,11.04722458,106.6631322,106.6631322,64,0
0,11.0341588,106.5460628,106.5460628,64,0
0,11.18037603,107.8561692,107.8561692,64,0
0,11.24036789,108.3936963,108.3936963,64,0
0,11.42062041,110.0087589,110.0087589,64,0
0,11.48248835,110.5630956,110.5630956,64,0
0,11.52927307,110.9822867,110.9822867,64,0
0,11.60811903,111.6887465,111.6887465,64,0
0,11.79849141,113.3944831,113.3944831,64,0
0,11.88142053,114.1375279,114.1375279,64,0
0,11.92802031,114.555062,114.555062,64,0
0,12.05571318,115.6991901,115.6991901,64,0
0,12.15484961,116.5874525,116.5874525,64,0
0,12.20914696,117.0739568,117.0739568,64,0
0,12.390897,118.7024371,118.7024371,64,0
0,12.35177175,118.3518748,118.3518748,64,0
0,12.48980132,119.5886198,119.5886198,64,0
0,12.56592918,120.2707255,120.2707255,64,0
0,12.7685895,122.0865619,122.0865619,64,0
0,12.79429061,122.3168439,122.3168439,64,0
0,12.86361852,122.9380219,122.9380219,64,0
0,12.98665412,124.0404209,124.0404209,64,0
0,13.04536432,124.5664643,124.5664643,64,0
0,13.19920015,125.9448333,125.9448333,64,0
0,13.15954274,125.589503,125.589503,64,0
0,13.23730086,126.2862157,126.2862157,64,0
0,13.31718891,127.0020126,127.0020126,64,0
0,13.36125842,127.3968754,127.3968754,64,0
0,13.39824728,127.7282956,127.7282956,64,0
0,13.64052578,129.899111,129.899111,64,0
0,13.62481211,129.7583165,129.7583165,64,0
0,13.63985972,129.8931431,129.8931431,64,0
0,13.69610045,130.3970601,130.3970601,64,0
0,13.70819203,130.5054006,130.5054006,64,0
0,13.79305639,131.2657853,131.2657853,64,0
0,13.81300101,131.444489,131.444489,64,0
0,13.94924166,132.6652053,132.6652053,64,0
0,13.90538163,132.2722194,132.2722194,64,0
0,13.92748211,132.4702397,132.4702397,64,0
0,14.04951014,133.5636108,133.5636108,64,0
0,13.96639792,132.8189253,132.8189253,64,0
0,14.07735289,133.8130819,133.8130819,64,0
0,14.04240492,133.4999481,133.4999481,64,0
0,14.14173182,134.3899171,134.3899171,64,0
0,14.17686521,134.7047123,134.7047123,64,0
0,14.1296772,134.2819077,134.2819077,64,0
0,14.21983718,135.0897411,135.0897411,64,0
0,14.10166861,134.0309507,134.0309507,64,0
0,14.22063344,135.0968756,135.0968756,64,0
0,14.14875813,134.4528729,134.4528729,64,0
0,14.13751935,134.3521734,134.3521734,64,0
0,14.15050775,134.4685494,134.4685494,64,0
0,14.2051508,134.9581512,134.9581512,64,0
0,14.19115948,134.832789,134.832789,64,0
0,14.14581401,134.4264936,134.4264936,64,0
0,14.23724593,135.2457235,135.2457235,64,0
0,14.22197315,135.1088794,135.1088794,64,0
0,14.24791672,135.3413338,135.3413338,64,0
0,14.35743556,136.3226226,136.3226226,64,0
0,14.22762312,135.1595032,135.1595032,64,0
0,14.35585548,136.3084651,136.3084651,64,0
0,14.20283604,134.9374109,134.9374109,64,0
0,14.40757112,136.7718372,136.7718372,64,0
0,14.26973009,135.5367816,135.5367816,64,0
0,14.35208888,136.2747164,136.2747164,64,0
0,14.30162341,135.8225457,135.8225457,64,0
0,14.35979268,136.3437424,136.3437424,64,0
0,14.45167938,137.1670472,137.1670472,64,0
0,14.39929512,136.6976843,136.6976843,64,0
0,14.36011449,136.3466258,136.3466258,64,0
0,14.41241713,136.8152575,136.8152575,64,0
0,14.5185419,137.7661354,137.7661354,64,0
0,14.52310324,137.8070051,137.8070051,64,0
0,14.5590227,138.1288434,138.1288434,64,0
0,14.5718245,138.2435475,138.2435475,64,0
0,14.66512656,139.079534,139.079534,64,0
0,14.67086189,139.1309226,139.1309226,64,0
0,14.67225847,139.1434359,139.1434359,64,0
0,14.84953081,140.7317961,140.7317961,64,0
0,14.79558266,140.2484207,140.2484207,64,0
0,14.92966102,141.4497628,141.4497628,64,0
0,14.97402759,141.8472872,141.8472872,64,0
0,15.20453538,143.912637,143.912637,64,0
0,15.09475035,142.9289631,142.9289631,64,0
0,15.13569547,143.2958314,143.2958314,64,0
0,15.28470272,144.6309364,144.6309364,64,0
0,15.27207012,144.5177482,144.5177482,64,0
0,15.4887506,146.4592054,146.4592054,64,0
0,15.58100099,147.2857689,147.2857689,64,0
0,15.64619068,147.8698685,147.8698685,64,0
0,15.78696857,149.1312384,149.1312384,64,0
0,15.76551658,148.9390286,148.9390286,64,0
0,16.00029826,151.0426724,151.0426724,64,0
0,16.0602407,151.5797566,151.5797566,64,0
0,16.24729795,153.2557896,153.2557896,64,0
0,16.40686795,154.6855368,154.6855368,64,0
0,16.44332033,256,16.44332033,64,0
0,16.6689841,256,16.6689841,64,0
0,16.86924874,256,16.86924874,64,0
0,17.03345628,256,17.03345628,64,0
0,17.14870045,256,17.14870045,64,0
0,17.35796023,256,17.35796023,64,0
0,17.52807433,256,17.52807433,64,0
0,17.6774157,256,17.6774157,64,0
0,17.85181783,256,17.85181783,64,0
0,18.05739685,256,18.05739685,64,0
0,18.24918113,256,18.24918113,64,0
0,18.3774882,256,18.3774882,64,0
0,18.73004854,256,18.73004854,64,0
0,18.90973938,256,18.90973938,64,0
0,19.28819869,256,19.28819869,64,0
0,19.41716639,256,19.41716639,64,0
0,19.56986292,256,19.56986292,64,0
0,19.66632529,256,19.66632529,64,0
0,20.01579061,256,20.01579061,64,0
0,20.19098339,256,20.19098339,64,0
0,20.45600362,256,20.45600362,64,0
0,20.58090545,256,20.58090545,64,0
0,20.90091638,256,20.90091638,64,0
0,20.93384189,256,20.93384189,64,0
0,21.15717738,256,21.15717738,64,0
0,21.58345546,256,21.58345546,64,0
0,21.74468591,256,21.74468591,64,0
0,22.04221159,256,22.04221159,64,0
0,22.28670602,256,22.28670602,64,0
0,22.5491448,256,22.5491448,64,0
0,22.84039599,256,22.84039599,64,0
0,22.74482555,256,22.74482555,64,0
0,23.25087983,256,23.25087983,64,0
0,23.46413705,256,23.46413705,64,0
0,23.56609343,256,23.56609343,64,0
0,23.93573064,256,23.93573064,64,0
0,23.94703892,256,23.94703892,64,0
0,24.02795928,256,24.02795928,64,0
0,24.57854504,256,24.57854504,64,0
0,24.64941117,256,24.64941117,64,0
0,24.93287937,256,24.93287937,64,0
0,25.09162781,256,25.09162781,64,0
0,25.38470631,256,25.38470631,64,0
0,25.50713059,256,25.50713059,64,0
0,25.62869788,256,25.62869788,64,0
0,25.82124099,256,25.82124099,64,0
0,26.1500523,256,26.1500523,64,0
0,26.2467557,256,26.2467557,64,0
0,26.26640527,256,26.26640527,64,0
0,26.67039348,256,26.67039348,64,0
0,26.8819415,256,26.8819415,64,0
0,26.92494845,256,26.92494845,64,0
0,27.21400959,256,27.21400959,64,0
0,27.3561932,256,27.3561932,64,0
0,27.50062005,256,27.50062005,64,0
0,27.6253071,256,27.6253071,64,0
0,27.55123595,256,27.55123595,64,0
0,27.78639206,256,27.78639206,64,0
0,27.93467111,256,27.93467111,64,0
0,28.0232888,256,28.0232888,64,0
0,28.10310401,256,28.10310401,64,0
0,28.19682591,256,28.19682591,64,0
0,28.30009507,256,28.30009507,64,0
0,28.30109523,256,28.30109523,64,0
0,28.65277351,256,28.65277351,64,0
0,28.62901132,256,28.62901132,64,0
0,28.53487096,256,28.53487096,64,0
0,28.66327286,256,28.66327286,64,0
0,28.66181084,256,28.66181084,64,0
0,28.63535699,256,28.63535699,64,0
0,28.90549911,256,28.90549911,64,0
0,28.87486426,256,28.87486426,64,0
0,29.00170602,256,29.00170602,64,0
0,29.12645717,256,29.12645717,64,0
0,28.89764603,256,28.89764603,64,0
0,29.17221063,256,29.17221063,64,0
0,29.08193022,256,29.08193022,64,0
0,28.98764852,256,28.98764852,64,0
0,29.07381417,256,29.07381417,64,0
0,29.21829089,256,29.21829089,64,0
0,29.2587887,256,29.2587887,64,0
0,29.11662882,256,29.11662882,64,0
0,29.03506373,256,29.03506373,64,0
0,29.04265105,256,29.04265105,64,0
0,28.93967153,256,28.93967153,64,0
0,28.97764342,256,28.97764342,64,0
0,29.13532115,256,29.13532115,64,0
0,28.91770423,256,28.91770423,64,0
0,29.00085568,256,29.00085568,64,0
0,29.02123764,256,29.02123764,64,0
0,29.06422097,256,29.06422097,64,0
0,28.77159633,256,28.77159633,64,0
0,28.89056327,256,28.89056327,64,0
0,28.67398012,256,28.67398012,64,0
0,28.86995152,256,28.86995152,64,0
0,28.71161121,256,28.71161121,64,0
0,28.79874162,256,28.79874162,64,0
0,28.67268395,256,28.67268395,64,0
0,28.65588972,256,28.65588972,64,0
0,28.61157517,256,28.61157517,64,0
0,28.47185487,256,28.47185487,64,0
0,28.4877792,256,28.4877792,64,0
0,28.37663656,256,28.37663656,64,0
0,28.47687965,256,28.47687965,64,0
0,28.15503228,256,28.15503228,64,0
0,28.35974663,256,28.35974663,64,0
0,28.17737439,256,28.17737439,64,0
0,28.37045266,256,28.37045266,64,0
0,28.17081715,256,28.17081715,64,0
0,27.96496979,256,27.96496979,64,0
0,28.1336091,256,28.1336091,64,0
0,28.04313438,256,28.04313438,64,0
0,27.94946188,256,27.94946188,64,0
0,27.96402981,256,27.96402981,64,0
0,28.02143331,256,28.02143331,64,0
0,27.9128705,256,27.9128705,64,0
0,28.17130444,256,28.17130444,64,0
0,28.02598465,256,28.02598465,64,0
0,27.94715039,256,27.94715039,64,0
0,27.77774835,256,27.77774835,64,0
0,28.03745216,256,28.03745216,64,0
0,27.90410415,256,27.90410415,64,0
0,27.97065396,256,27.97065396,64,0
0,27.69642145,256,27.69642145,64,0
0,27.72974828,256,27.72974828,64,0
0,28.01661633,256,28.01661633,64,0
0,27.94384017,256,27.94384017,64,0
0,27.78951899,256,27.78951899,64,0
0,27.69390857,256,27.69390857,64,0
0,27.85936203,256,27.85936203,64,0
0,27.84345392,256,27.84345392,64,0
0,27.8189316,256,27.8189316,64,0
0,27.73571551,256,27.73571551,64,0
0,28.09080004,256,28.09080004,64,0
0,27.88208898,256,27.88208898,64,0
0,27.89872274,256,27.89872274,64,0
0,27.83030779,256,27.83030779,64,0
0,28.00071944,256,28.00071944,64,0
0,27.97252385,256,27.97252385,64,0
0,27.94037756,256,27.94037756,64,0
0,27.95835549,256,27.95835549,64,0
0,27.98022073,256,27.98022073,64,0
0,28.04226139,256,28.04226139,64,0
0,28.03155927,256,28.03155927,64,0
0,28.20799093,256,28.20799093,64,0
0,28.22798615,256,28.22798615,64,0
0,28.20130697,256,28.20130697,64,0
0,28.28549778,256,28.28549778,64,0
0,28.42911467,256,28.42911467,64,0
0,28.26856425,256,28.26856425,64,0
0,28.30025119,256,28.30025119,64,0
0,28.45434041,256,28.45434041,64,0
0,28.49455303,256,28.49455303,64,0
0,28.57519841,256,28.57519841,64,0
0,28.63992289,256,28.63992289,64,0
0,28.80443032,256,28.80443032,64,0
0,28.66934035,256,28.66934035,64,0
0,28.85701337,256,28.85701337,64,0
0,28.85895342,256,28.85895342,64,0
0,29.13794043,256,29.13794043,64,0
0,29.14237203,256,29.14237203,64,0
0,29.13150559,256,29.13150559,64,0
0,29.08626234,256,29.08626234,64,0
0,29.20612973,256,29.20612973,64,0
0,29.36475657,256,29.36475657,64,0
0,29.33004687,256,29.33004687,64,0
0,29.25785618,256,29.25785618,64,0
0,29.38552293,256,29.38552293,64,0
0,29.63129473,256,29.63129473,64,0
0,29.49458253,256,29.49458253,64,0
0,29.59218925,256,29.59218925,64,0
0,30.04218318,256,30.04218318,64,0
0,29.87368291,256,29.87368291,64,0
0,30.05243829,256,30.05243829,64,0
0,30.17367707,256,30.17367707,64,0
0,30.1332176,256,30.1332176,64,0
0,30.2628355,256,30.2628355,64,0
0,30.3009484,256,30.3009484,64,0
0,30.41617582,256,30.41617582,64,0
0,30.55740584,256,30.55740584,64,0
0,30.74446183,256,30.74446183,64,0
0,30.69744312,256,30.69744312,64,0
0,30.87404852,256,30.87404852,64,0
0,30.87245009,256,30.87245009,64,0
0,31.09292493,256,31.09292493,64,0
0,31.16232897,256,31.16232897,64,0
0,31.28471539,256,31.28471539,64,0
0,31.26499794,256,31.26499794,64,0
0,31.22079141,256,31.22079141,64,0
0,31.66031783,256,31.66031783,64,0
0,31.60341528,256,31.60341528,64,0
0,31.89132471,256,31.89132471,64,0
0,31.76398982,256,31.76398982,64,0
0,31.85097134,256,31.85097134,64,0
0,32.07896783,256,32.07896783,64,0
0,32.31176646,256,32.31176646,64,0
0,32.37688016,256,32.37688016,64,0
0,32.50745055,256,32.50745055,64,0
0,32.38128256,256,32.38128256,64,0
0,32.62673002,256,32.62673002,64,0
0,32.79697418,256,32.79697418,64,0
0,32.71299144,256,32.71299144,64,0
0,33.12345526,256,33.12345526,64,0
0,33.20042404,256,33.20042404,64,0
0,33.41097286,256,33.41097286,64,0
0,33.26056088,256,33.26056088,64,0
0,33.50368993,256,33.50368993,64,0
0,33.79604457,256,33.79604457,64,0
0,33.73163545,256,33.73163545,64,0
0,34.24516737,256,34.24516737,64,0
0,34.05722496,256,34.05722496,64,0
0,34.05490669,256,34.05490669,64,0
0,34.06363705,256,34.06363705,64,0
0,34.61947381,256,34.61947381,64,0
0,34.78982067,256,34.78982067,64,0
0,34.84754833,256,34.84754833,64,0
0,34.72540857,256,34.72540857,64,0
0,35.09232933,256,35.09232933,64,0
0,35.15849276,256,35.15849276,64,0
0,35.15556296,256,35.15556296,64,0
0,35.26649568,256,35.26649568,64,0
0,35.57534606,256,35.57534606,64,0
0,35.36381417,256,35.36381417,64,0
0,35.69686416,256,35.69686416,64,0
0,36.02875354,256,36.02875354,64,0
0,36.01055238,256,36.01055238,64,0
0,36.41583245,256,36.41583245,64,0
0,36.4093798,256,36.4093798,64,0
0,36.47635287,256,36.47635287,64,0
0,36.91292092,256,36.91292092,64,0
0,36.96706323,256,36.96706323,64,0
0,37.29826604,256,37.29826604,64,0
0,37.11582027,256,37.11582027,64,0
0,37.18673592,256,37.18673592,64,0
0,37.23928905,256,37.23928905,64,0
0,37.64534428,256,37.64534428,64,0
0,37.84450193,256,37.84450193,64,0
0,37.88119083,256,37.88119083,64,0
0,38.17313016,256,38.17313016,64,0
0,38.11782147,256,38.11782147,64,0
0,38.460162,352.2830515,352.2830515,64,0
0,38.71506358,354.5669696,354.5669696,64,0
0,38.762818,354.9948493,354.9948493,64,0
0,38.60994286,353.6250881,353.6250881,64,0
0,38.93512679,356.538736,356.538736,64,0
0,39.23099667,359.1897301,359.1897301,64,0
0,39.48087896,361.4286755,361.4286755,64,0
0,39.43803887,361.0448283,361.0448283,64,0
0,39.6675302,363.1010706,363.1010706,64,0
0,40.04795134,366.509644,366.509644,64,0
0,39.97649514,365.8693964,365.8693964,64,0
0,40.28748746,368.6558877,368.6558877,64,0
0,40.37388142,369.4299775,369.4299775,64,0
0,40.699793,372.3501453,372.3501453,64,0
0,40.74148682,372.7237219,372.7237219,64,0
0,41.12579103,376.1670876,376.1670876,64,0
0,40.93099447,374.4217105,374.4217105,64,0
0,41.47153041,379.2649124,379.2649124,64,0
0,41.72929427,381.5744767,381.5744767,64,0
0,41.68684674,381.1941468,381.1941468,64,0
0,41.94151566,383.4759803,383.4759803,64,0
0,42.03355429,384.3006464,384.3006464,64,0
0,42.48877825,388.3794531,388.3794531,64,0
0,42.57702371,389.1701324,389.1701324,64,0
0,42.47960824,388.2972899,388.2972899,64,0
0,42.95071612,392.5184165,392.5184165,64,0
0,42.96252895,392.6242594,392.6242594,64,0
0,43.09541991,393.8149624,393.8149624,64,0
0,43.31765742,395.8062105,395.8062105,64,0
0,43.52747098,397.68614,397.68614,64,0
0,43.62622035,398.5709344,398.5709344,64,0
0,43.77773664,399.9285203,399.9285203,64,0
0,43.71777451,399.3912596,399.3912596,64,0
0,43.99572824,401.881725,401.881725,64,0
0,43.9796577,401.737733,401.737733,64,0
0,44.61011744,407.3866522,407.3866522,64,0
0,44.74888507,408.6300103,408.6300103,64,0
0,44.75938527,408.724092,408.724092,64,0
0,44.90461596,410.025359,410.025359,64,0
0,45.21564031,412.8121372,412.8121372,64,0
0,45.52431524,415.5778645,415.5778645,64,0
0,45.59410456,416.2031768,416.2031768,64,0
0,45.27056288,413.3042434,413.3042434,64,0
0,45.64433225,416.6532169,416.6532169,64,0
0,46.35314276,423.0041591,423.0041591,64,0
0,46.31026993,422.6200186,422.6200186,64,0
0,46.43020939,423.6946761,423.6946761,64,0
0,46.6384469,425.5604842,425.5604842,64,0
0,46.56309164,424.8853011,424.8853011,64,0
0,46.54574544,424.7298791,424.7298791,64,0
0,46.76689177,426.7113503,426.7113503,64,0
0,47.21971595,430.7686549,430.7686549,64,0
0,47.40372424,432.4173692,432.4173692,64,0
0,47.13292708,429.9910266,429.9910266,64,0
0,47.63099736,434.4537363,434.4537363,64,0
0,47.93529028,437.1802009,437.1802009,64,0
0,48.11788913,438.8162866,438.8162866,64,0
0,48.13235346,438.945887,438.945887,64,0
0,48.3269471,440.689446,440.689446,64,0
0,48.46903058,441.962514,441.962514,64,0
0,48.58043329,442.9606823,442.9606823,64,0
0,48.43965175,441.6992797,441.6992797,64,0
0,48.79299985,444.8652786,444.8652786,64,0
0,48.83330688,445.2264296,445.2264296,64,0
0,48.80236538,444.9491938,444.9491938,64,0
0,49.44515993,450.708633,450.708633,64,0
0,49.25674226,449.0204107,449.0204107,64,0
0,49.6549774,452.5885975,452.5885975,64,0
0,49.63275278,452.3894649,452.3894649,64,0
0,49.6290263,452.3560756,452.3560756,64,0
0,50.01078599,455.7766425,455.7766425,64,0
0,49.87672428,454.5754496,454.5754496,64,0
0,50.06471896,456.2598819,456.2598819,64,0
0,50.52829807,460.4135507,460.4135507,64,0
0,50.43896536,459.6131296,459.6131296,64,0
0,50.71747754,462.1085988,462.1085988,64,0
0,50.91576455,463.8852504,463.8852504,64,0
0,51.34196317,467.70399,467.70399,64,0
0,51.08297396,465.3834467,465.3834467,64,0
0,51.11218085,465.6451405,465.6451405,64,0
0,51.55893502,469.6480578,469.6480578,64,0
0,51.42086436,468.4109447,468.4109447,64,0
0,51.52759323,469.3672354,469.3672354,64,0
0,51.9303712,472.9761259,472.9761259,64,0
0,51.77958867,471.6251145,471.6251145,64,0
0,51.7684701,471.5254921,471.5254921,64,0
0,51.99704014,473.5734796,473.5734796,64,0
0,52.11139326,474.5980836,474.5980836,64,0
0,52.19449161,475.3426448,475.3426448,64,0
0,52.51312701,478.197618,478.197618,64,0
0,52.62480387,479.1982427,479.1982427,64,0
0,52.42479955,477.406204,477.406204,64,0
0,52.66292301,479.5397902,479.5397902,64,0
0,52.60991594,479.0648469,479.0648469,64,0
0,52.71724307,480.0264979,480.0264979,64,0
0,53.19655629,484.3211443,484.3211443,64,0
0,52.92820907,481.9167533,481.9167533,64,0
0,53.503091,487.0676954,487.0676954,64,0
0,53.59785808,487.9168084,487.9168084,64,0
0,53.55121045,487.4988456,487.4988456,64,0
0,53.6576985,488.4529786,488.4529786,64,0
0,53.96265955,491.1854296,491.1854296,64,0
0,53.84173486,490.1019444,490.1019444,64,0
0,54.28460615,494.0700711,494.0700711,64,0
0,53.99336291,491.4605317,491.4605317,64,0
0,54.06776373,492.127163,492.127163,64,0
0,54.73103644,498.0700865,498.0700865,64,0
0,54.43244525,495.3947095,495.3947095,64,0
0,54.43339259,495.4031976,495.4031976,64,0
0,55.02052703,500.6639222,500.6639222,64,0
0,54.96445874,500.1615504,500.1615504,64,0
0,54.97080253,500.2183907,500.2183907,64,0
0,54.93619017,499.9082639,499.9082639,64,0
0,54.9140803,499.7101595,499.7101595,64,0
0,55.23864539,502.6182627,502.6182627,64,0
0,55.48790998,504.8516735,504.8516735,64,0
0,55.61525331,505.9926697,505.9926697,64,0
0,55.53109015,505.2385677,505.2385677,64,0
0,56.0929502,510.2728338,510.2728338,64,0
0,56.1675084,510.9408753,510.9408753,64,0
0,56.06313612,510.0056996,510.0056996,64,0
0,56.38040597,512.8484375,512.8484375,64,0
0,56.08219904,510.1765034,510.1765034,64,0
0,56.0332166,509.7376207,509.7376207,64,0
0,56.36857324,512.7424163,512.7424163,64,0
0,56.68055473,515.5377704,515.5377704,64,0
0,56.49001528,513.8305369,513.8305369,64,0
0,56.5927889,514.7513885,514.7513885,64,0
0,56.59620494,514.7819962,514.7819962,64,0
0,56.80023359,516.610093,516.610093,64,0
0,56.56189717,514.4745986,514.4745986,64,0
0,56.90772161,517.5731857,517.5731857,64,0
0,57.36217419,521.6450807,521.6450807,64,0
0,57.22318516,520.399739,520.399739,64,0
0,57.63799758,524.1164583,524.1164583,64,0
0,57.42873916,522.2415028,522.2415028,64,0
0,57.54929316,523.3216667,523.3216667,64,0
0,57.53290615,523.1748391,523.1748391,64,0
0,58.39129474,530.8660009,530.8660009,64,0
0,57.75044721,525.124007,525.124007,64,0
0,57.98390819,527.2158174,527.2158174,64,0
0,58.1614416,528.8065167,528.8065167,64,0
0,58.4374553,531.2795995,531.2795995,64,0
0,58.65317485,533.2124467,533.2124467,64,0
0,58.24885332,529.5897258,529.5897258,64,0
0,58.83103239,534.8060502,534.8060502,64,0
0,58.49145145,531.763405,531.763405,64,0
0,59.23177755,538.3967269,538.3967269,64,0
0,58.78358681,534.3809378,534.3809378,64,0
0,59.26778061,538.7193142,538.7193142,64,0
0,58.47931835,531.6546924,531.6546924,64,0
0,59.32803182,539.2591651,539.2591651,64,0
0,59.32490869,539.2311819,539.2311819,64,0
0,59.22924968,538.3740771,538.3740771,64,0
0,59.2263221,538.347846,538.347846,64,0
0,59.44422185,540.3002278,540.3002278,64,0
0,60.07135603,545.91935,545.91935,64,0
0,60.10567154,546.226817,546.226817,64,0
0,59.52345417,541.0101493,541.0101493,64,0
0,59.88625777,544.2608696,544.2608696,64,0
0,60.16436877,546.7527442,546.7527442,64,0
0,59.82373841,543.7006961,543.7006961,64,0
0,60.14855551,546.6110574,546.6110574,64,0
0,59.75955537,543.1256161,543.1256161,64,0
0,60.64235017,551.0354575,551.0354575,64,0
0,60.7799178,552.2680635,552.2680635,64,0
0,60.30325198,547.9971378,547.9971378,64,0
0,60.4451908,549.2689096,549.2689096,64,0
0,60.31799025,548.1291927,548.1291927,64,0
0,61.02718649,554.4835909,554.4835909,64,0
0,60.92126655,553.5345483,553.5345483,64,0
0,61.12750477,555.3824428,555.3824428,64,0
0,60.64434358,551.0533185,551.0533185,64,0
0,61.06033113,554.7805669,554.7805669,64,0
0,61.01363978,554.3622125,554.3622125,64,0
0,61.58696177,559.4991774,559.4991774,64,0
0,61.1413087,555.506126,555.506126,64,0
0,61.6204296,559.7990492,559.7990492,64,0
0,61.40731062,557.8895032,557.8895032,64,0
0,61.13964939,555.4912586,555.4912586,64,0
0,61.29937011,556.9223562,556.9223562,64,0
0,61.75234568,560.9810173,560.9810173,64,0
0,61.70760123,560.580107,560.580107,64,0
0,61.88758217,562.1927363,562.1927363,64,0
0,61.44689591,558.2441873,558.2441873,64,0
0,61.63239288,559.9062402,559.9062402,64,0
0,62.20731006,565.0574981,565.0574981,64,0
0,61.86929066,562.0288443,562.0288443,64,0
0,61.69613587,560.4773774,560.4773774,64,0
0,61.89564253,562.2649571,562.2649571,64,0
0,62.06175951,563.7533652,563.7533652,64,0
0,62.692319,569.4031783,569.4031783,64,0
0,61.73166195,560.7956911,560.7956911,64,0
0,62.16988377,564.7221586,564.7221586,64,0
0,62.44148047,567.155665,567.155665,64,0
0,61.96702702,562.9045621,562.9045621,64,0
0,62.59629279,568.5427834,568.5427834,64,0
0,62.52219288,567.8788482,567.8788482,64,0
0,62.09979992,564.0942073,564.0942073,64,0
0,62.2175864,565.1495741,565.1495741,64,0
0,61.99032646,563.1133251,563.1133251,64,0
0,62.40780847,566.8539639,566.8539639,64,0
0,62.62744398,568.821898,568.821898,64,0
0,62.17329049,564.7526828,564.7526828,64,0
0,62.55551273,568.1773941,568.1773941,64,0
0,62.6318566,568.8614351,568.8614351,64,0
0,62.29816544,565.8715624,565.8715624,64,0
0,62.51809806,567.8421586,567.8421586,64,0
0,62.52509894,567.9048865,567.9048865,64,0
0,62.33724395,566.2217058,566.2217058,64,0
0,62.6552662,569.0711851,569.0711851,64,0
0,62.49830977,567.6648556,567.6648556,64,0
0,62.44566404,567.1931498,567.1931498,64,0
0,62.79579119,570.3302891,570.3302891,64,0
0,62.80940037,570.4522273,570.4522273,64,0
0,62.65580411,569.0760048,569.0760048,64,0
0,62.68570307,569.3438995,569.3438995,64,0
0,62.60960548,568.6620651,568.6620651,64,0
0,62.57463192,568.348702,568.348702,64,0
0,62.83051931,570.641453,570.641453,64,0
0,62.87184221,571.0117062,571.0117062,64,0
0,62.86613578,570.9605766,570.9605766,64,0
0,62.58778661,568.466568,568.466568,64,0
0,62.65236907,569.0452269,569.0452269,64,0
0,62.84370025,570.7595542,570.7595542,64,0
0,62.8619336,570.9229251,570.9229251,64,0
0,62.94182126,571.6387185,571.6387185,64,0
0,62.39975218,566.7817795,566.7817795,64,0
0,62.42069545,566.9694312,566.9694312,64,0
0,62.7961345,570.3333651,570.3333651,64,0
0,62.62828856,568.8294655,568.8294655,64,0
0,62.60498029,568.6206234,568.6206234,64,0
0,62.58849368,568.4729034,568.4729034,64,0
0,62.90825575,571.3379715,571.3379715,64,0
0,62.79807245,570.3507292,570.3507292,64,0
0,62.63689138,568.9065468,568.9065468,64,0
0,62.75661506,569.9792709,569.9792709,64,0
0,62.70087881,569.4798741,569.4798741,64,0
0,62.58745932,568.4636355,568.4636355,64,0
0,63.17115616,573.6935592,573.6935592,64,0
0,62.58220084,568.4165195,568.4165195,64,0
0,62.84751867,570.7937672,570.7937672,64,0
0,63.06724113,572.7624806,572.7624806,64,0
0,62.68260304,569.3161233,569.3161233,64,0
0,62.89142226,571.1871435,571.1871435,64,0
0,62.94321953,571.651247,571.651247,64,0
0,62.81000471,570.4576422,570.4576422,64,0
0,62.68365991,569.3255928,569.3255928,64,0
0,62.92287356,571.4689471,571.4689471,64,0
0,62.49250933,567.6128836,567.6128836,64,0
0,62.92223739,571.463247,571.463247,64,0
0,62.97450892,571.9315999,571.9315999,64,0
0,62.47097671,567.4199513,567.4199513,64,0
0,62.3124601,565.9996425,565.9996425,64,0
0,62.47417555,567.448613,567.448613,64,0
0,62.57571334,568.3583915,568.3583915,64,0
0,63.15780046,573.5738921,573.5738921,64,0
0,62.74711905,569.8941867,569.8941867,64,0
0,62.69177429,569.3982976,569.3982976,64,0
0,62.65463778,569.0655545,569.0655545,64,0
0,62.68380345,569.3268789,569.3268789,64,0
0,63.09106476,572.9759402,572.9759402,64,0
0,62.91055938,571.3586121,571.3586121,64,0
0,62.43552205,567.1022776,567.1022776,64,0
0,62.27048403,565.6235369,565.6235369,64,0
0,62.46321468,567.3504035,567.3504035,64,0
0,62.56591853,568.2706301,568.2706301,64,0
0,62.27341925,565.6498365,565.6498365,64,0
0,62.55093386,568.1363674,568.1363674,64,0
0,62.57949689,568.3922922,568.3922922,64,0
0,62.32202804,566.0853713,566.0853713,64,0
0,62.55708909,568.1915182,568.1915182,64,0
0,62.26822023,565.6032533,565.6032533,64,0
0,62.2116536,565.0964163,565.0964163,64,0
0,62.52448606,567.8993951,567.8993951,64,0
0,62.31730725,566.0430729,566.0430729,64,0
0,61.85878528,561.9347161,561.9347161,64,0
0,62.43352333,567.084369,567.084369,64,0
0,62.32755159,566.1348623,566.1348623,64,0
0,61.94544315,562.7111706,562.7111706,64,0
0,62.30544248,565.9367646,565.9367646,64,0
0,62.29800508,565.8701255,565.8701255,64,0
0,61.90245902,562.3260328,562.3260328,64,0
0,61.83625434,561.7328389,561.7328389,64,0
0,61.98180493,563.0369722,563.0369722,64,0
0,62.13517446,564.4111632,564.4111632,64,0
0,61.6503885,560.0674809,560.0674809,64,0
0,62.16999804,564.7231824,564.7231824,64,0
0,61.63968203,559.971551,559.971551,64,0
0,61.76611716,561.1044097,561.1044097,64,0
0,61.68956838,560.4185327,560.4185327,64,0
0,61.22811333,556.2838954,556.2838954,64,0
0,61.53234282,559.0097917,559.0097917,64,0
0,61.50171025,558.7353239,558.7353239,64,0
0,61.51875364,558.8880327,558.8880327,64,0
0,61.67810538,560.3158242,560.3158242,64,0
0,61.62477107,559.8379488,559.8379488,64,0
0,61.31589504,557.0704195,557.0704195,64,0
0,61.26255036,556.5924513,556.5924513,64,0
0,61.3632858,557.4950407,557.4950407,64,0
0,61.45588174,558.3247004,558.3247004,64,0
0,60.90400013,553.3798411,553.3798411,64,0
0,61.21288164,556.1474195,556.1474195,64,0
0,60.99682425,554.2115452,554.2115452,64,0
0,60.9306942,553.61902,553.61902,64,0
0,60.87597009,553.128692,553.128692,64,0
0,60.47479685,549.5341798,549.5341798,64,0
0,60.03719309,545.6132501,545.6132501,64,0
0,60.59466612,550.6082085,550.6082085,64,0
0,60.13029171,546.4474137,546.4474137,64,0
0,59.95855051,544.9086126,544.9086126,64,0
0,60.43646525,549.1907286,549.1907286,64,0
0,59.6969655,542.5648109,542.5648109,64,0
0,60.1479306,546.6054582,546.6054582,64,0
0,60.14525357,546.581472,546.581472,64,0
0,59.91633818,544.5303901,544.5303901,64,0
0,59.86065332,544.0314537,544.0314537,64,0
0,59.68289723,542.4387592,542.4387592,64,0
0,59.68406464,542.4492192,542.4492192,64,0
0,59.74022015,542.9523725,542.9523725,64,0
0,59.22356251,538.3231201,538.3231201,64,0
0,59.76537229,543.1777357,543.1777357,64,0
0,59.36462453,539.5870358,539.5870358,64,0
0,59.3940528,539.8507131,539.8507131,64,0
0,58.9489018,535.8621601,535.8621601,64,0
0,59.35813307,539.5288724,539.5288724,64,0
0,58.76411574,534.206477,534.206477,64,0
0,59.2206335,538.2968762,538.2968762,64,0
0,59.52459863,541.0204037,541.0204037,64,0
0,58.79914115,534.5203047,534.5203047,64,0
0,58.56681583,532.4386699,532.4386699,64,0
0,58.85413211,535.0130237,535.0130237,64,0
0,58.68902713,533.5336831,533.5336831,64,0
0,58.44400033,531.338243,531.338243,64,0
0,58.81248462,534.6398622,534.6398622,64,0
0,58.77614713,534.3142783,534.3142783,64,0
0,58.89351507,535.365895,535.365895,64,0
0,58.30495829,530.0924263,530.0924263,64,0
0,58.54220169,532.2181272,532.2181272,64,0
0,58.68268676,533.4768734,533.4768734,64,0
0,58.41506056,531.0789426,531.0789426,64,0
0,58.11611883,528.4004247,528.4004247,64,0
0,58.60171415,532.7513587,532.7513587,64,0
0,58.25002318,529.6002077,529.6002077,64,0
0,58.23836407,529.4957421,529.4957421,64,0
0,58.36509631,530.6312629,530.6312629,64,0
0,57.81068926,525.6637758,525.6637758,64,0
0,58.13987456,528.613276,528.613276,64,0
0,58.49458545,531.7914856,531.7914856,64,0
0,58.05336939,527.8381898,527.8381898,64,0
0,58.14954226,528.6998986,528.6998986,64,0
0,58.08055488,528.0817717,528.0817717,64,0
0,57.89168573,526.3895042,526.3895042,64,0
0,58.09257609,528.1894818,528.1894818,64,0
0,58.14895484,528.6946354,528.6946354,64,0
0,58.06282411,527.922904,527.922904,64,0
0,58.12736589,528.5011983,528.5011983,64,0
0,57.9211337,526.6533579,526.6533579,64,0
0,58.3424754,530.4285796,530.4285796,64,0
0,58.34870325,530.4843812,530.4843812,64,0
0,58.18529884,529.0202776,529.0202776,64,0
0,58.35697048,530.5584555,530.5584555,64,0
0,58.2328627,529.4464498,529.4464498,64,0
0,58.32514568,530.2733053,530.2733053,64,0
0,58.643951,533.129801,533.129801,64,0
0,58.73156807,533.9148499,533.9148499,64,0
0,58.95629833,535.928433,535.928433,64,0
0,59.06532768,536.905336,536.905336,64,0
0,58.62325908,532.9444013,532.9444013,64,0
0,59.02261094,536.522594,536.522594,64,0
0,59.21644588,538.2593551,538.2593551,64,0
0,58.9779807,536.1227071,536.1227071,64,0
0,59.13018311,537.4864407,537.4864407,64,0
0,59.3790907,539.7166526,539.7166526,64,0
0,59.68708264,542.4762604,542.4762604,64,0
0,59.68031245,542.4155995,542.4155995,64,0
0,59.83201761,543.7748778,543.7748778,64,0
0,59.41457712,540.034611,540.034611,64,0
0,60.00047103,545.2842205,545.2842205,64,0
0,60.14861167,546.6115606,546.6115606,64,0
0,60.28053017,547.7935503,547.7935503,64,0
0,60.00325524,545.309167,545.309167,64,0
0,60.29932256,547.9619301,547.9619301,64,0
0,60.49593532,549.7235805,549.7235805,64,0
0,60.7570824,552.0634583,552.0634583,64,0
0,60.42408628,549.079813,549.079813,64,0
0,61.05309965,554.7157729,554.7157729,64,0
0,60.66123921,551.2047034,551.2047034,64,0
0,60.97400791,554.0071109,554.0071109,64,0
0,60.66055438,551.1985672,551.1985672,64,0
0,61.21447784,556.1617214,556.1617214,64,0
0,61.41294117,557.9399529,557.9399529,64,0
0,61.33440608,557.2362785,557.2362785,64,0
0,61.02409743,554.455913,554.455913,64,0
0,61.27560294,556.7094023,556.7094023,64,0
0,61.45648446,558.3301007,558.3301007,64,0
0,61.43918353,558.1750844,558.1750844,64,0
0,61.6144593,559.7455554,559.7455554,64,0
0,61.5492012,559.1608428,559.1608428,64,0
0,61.47417364,558.4885958,558.4885958,64,0
0,61.72407046,560.7276713,560.7276713,64,0
0,61.84922246,561.8490333,561.8490333,64,0
0,61.9483668,562.7373665,562.7373665,64,0
0,62.11518283,564.2320381,564.2320381,64,0
0,61.96671105,562.901731,562.901731,64,0
0,61.78298853,561.2555772,561.2555772,64,0
0,62.28908177,565.7901726,565.7901726,64,0
0,61.56753442,559.3251084,559.3251084,64,0
0,61.8987982,562.2932319,562.2932319,64,0
0,61.93368082,562.6057801,562.6057801,64,0
0,62.1594143,564.6283521,564.6283521,64,0
0,61.75019694,560.9617646,560.9617646,64,0
0,62.05872836,563.7262061,563.7262061,64,0
0,61.88238195,562.1461423,562.1461423,64,0
0,61.61510305,559.7513233,559.7513233,64,0
0,61.71680176,560.6625437,560.6625437,64,0
0,62.1443362,564.4932524,564.4932524,64,0
0,61.59027983,559.5289073,559.5289073,64,0
0,61.67498663,560.2878802,560.2878802,64,0
0,61.36153891,557.4793886,557.4793886,64,0
0,61.14079333,555.5015082,555.5015082,64,0
0,61.75627557,561.0162292,561.0162292,64,0
0,61.4817867,558.5568088,558.5568088,64,0
0,60.73177071,551.8366656,551.8366656,64,0
0,60.64815869,551.0875019,551.0875019,64,0
0,60.80268793,552.4720838,552.4720838,64,0
0,60.39405169,548.8107031,548.8107031,64,0
0,60.1783898,546.8783726,546.8783726,64,0
0,60.59049891,550.5708702,550.5708702,64,0
0,60.35259004,548.4392068,548.4392068,64,0
0,59.93006417,544.653375,544.653375,64,0
0,59.94923785,544.8251712,544.8251712,64,0
0,59.57476019,541.4698513,541.4698513,64,0
0,59.49891239,540.790255,540.790255,64,0
0,59.27218552,538.7587823,538.7587823,64,0
0,58.81098995,534.6264699,534.6264699,64,0
0,59.02030752,536.5019554,536.5019554,64,0
0,58.62493693,532.9594349,532.9594349,64,0
0,58.43032652,531.2157256,531.2157256,64,0
0,58.49427465,531.7887008,531.7887008,64,0
0,58.10866595,528.3336469,528.3336469,64,0
0,57.7862779,525.44505,525.44505,64,0
0,57.6237844,523.9891082,523.9891082,64,0
0,57.09501925,519.2513724,519.2513724,64,0
0,57.00216897,518.419434,518.419434,64,0
0,56.57510532,514.5929437,514.5929437,64,0
0,56.66663144,515.4130177,515.4130177,64,0
0,55.9079963,508.6156468,508.6156468,64,0
0,56.23121829,511.5117159,511.5117159,64,0
0,55.49008858,504.8711936,504.8711936,64,0
0,55.94721851,508.9670779,508.9670779,64,0
0,55.71865766,506.9191726,506.9191726,64,0
0,54.68083884,497.620316,497.620316,64,0
0,54.65921392,497.4265567,497.4265567,64,0
0,55.0210478,500.6685883,500.6685883,64,0
0,54.48080343,495.8279987,495.8279987,64,0
0,53.80772556,489.797221,489.797221,64,0
0,53.62549468,488.1644323,488.1644323,64,0
0,53.48367292,486.8937094,486.8937094,64,0
0,53.63494854,488.2491389,488.2491389,64,0
0,52.55043067,478.5318588,478.5318588,64,0
0,52.92924354,481.9260221,481.9260221,64,0
0,52.67802536,479.6751072,479.6751072,64,0
0,52.37154158,476.9290126,476.9290126,64,0
0,52.05646269,474.1059057,474.1059057,64,0
0,52.17543421,475.1718905,475.1718905,64,0
0,51.65564098,470.5145432,470.5145432,64,0
0,51.5781637,469.8203468,469.8203468,64,0
0,51.18820829,466.3263463,466.3263463,64,0
0,51.40462162,468.2654097,468.2654097,64,0
0,50.81595108,462.9909217,462.9909217,64,0
0,50.65018767,461.5056815,461.5056815,64,0
0,50.50871152,460.2380552,460.2380552,64,0
0,50.00287384,455.7057496,455.7057496,64,0
0,49.95654264,455.290622,455.290622,64,0
0,49.62597996,452.3287804,452.3287804,64,0
0,49.56476807,451.7803219,451.7803219,64,0
0,49.17536568,448.2912765,448.2912765,64,0
0,49.0334481,447.019695,447.019695,64,0
0,48.98863447,446.6181648,446.6181648,64,0
0,48.70796879,444.1034003,444.1034003,64,0
0,48.68707171,443.9161626,443.9161626,64,0
0,48.44000267,441.7024239,441.7024239,64,0
0,48.50219999,442.2597119,442.2597119,64,0
0,47.95485077,437.3554629,437.3554629,64,0
0,48.00657079,437.8188743,437.8188743,64,0
0,47.64751311,434.6017174,434.6017174,64,0
0,47.76539912,435.6579762,435.6579762,64,0
0,47.72522882,435.2980502,435.2980502,64,0
0,47.32034892,431.6703264,431.6703264,64,0
0,47.36196947,432.0432465,432.0432465,64,0
0,47.16815055,430.306629,430.306629,64,0
0,47.11555802,429.8353998,429.8353998,64,0
0,47.01118348,428.900204,428.900204,64,0
0,47.0373973,429.1350798,429.1350798,64,0
0,47.01621811,428.9453143,428.9453143,64,0
0,46.6458562,425.6268716,425.6268716,64,0
0,46.26933831,422.2532712,422.2532712,64,0
0,46.42791638,423.6741307,423.6741307,64,0
0,46.5392137,424.6713548,424.6713548,64,0
0,46.16693319,421.3357214,421.3357214,64,0
0,46.38875669,423.32326,423.32326,64,0
0,46.21065727,421.7274891,421.7274891,64,0
0,45.79317488,417.9868469,417.9868469,64,0
0,45.7614827,417.702885,417.702885,64,0
0,46.04195487,420.2159157,420.2159157,64,0
0,46.00149862,419.8534276,419.8534276,64,0
0,45.8757852,418.7270354,418.7270354,64,0
0,45.59300403,416.1933161,416.1933161,64,0
0,45.3837501,414.3184009,414.3184009,64,0
0,45.30885929,413.6473792,413.6473792,64,0
0,45.43114607,414.7430688,414.7430688,64,0
0,45.28237087,413.410043,413.410043,64,0
0,45.46009686,415.0024679,415.0024679,64,0
0,44.90087664,409.9918547,409.9918547,64,0
0,44.94741171,410.4088089,410.4088089,64,0
0,45.17914227,412.4851148,412.4851148,64,0
0,45.10498024,411.820623,411.820623,64,0
0,44.92216785,410.1826239,410.1826239,64,0
0,44.94440899,410.3819045,410.3819045,64,0
0,44.75383199,408.6743346,408.6743346,64,0
0,44.85067119,409.5420139,409.5420139,64,0
0,44.90323833,410.0130155,410.0130155,64,0
0,45.07015449,411.5085842,411.5085842,64,0
0,44.69454879,408.1431572,408.1431572,64,0
0,44.66027819,407.8360925,407.8360925,64,0
0,44.41081876,405.6009361,405.6009361,64,0
0,44.75284232,408.6654672,408.6654672,64,0
0,44.47180783,406.1473981,406.1473981,64,0
0,44.48506744,406.2662042,406.2662042,64,0
0,44.34888371,405.045998,405.045998,64,0
0,44.1964639,403.6803166,403.6803166,64,0
0,43.88304019,400.8720401,400.8720401,64,0
0,43.95713889,401.5359645,401.5359645,64,0
0,43.98582726,401.7930123,401.7930123,64,0
0,43.86077095,400.6725077,400.6725077,64,0
0,43.72089324,399.4192034,399.4192034,64,0
0,43.71953328,399.4070182,399.4070182,64,0
0,43.83528503,400.4441539,400.4441539,64,0
0,43.38586691,396.4173675,396.4173675,64,0
0,43.39095671,396.4629721,396.4629721,64,0
0,43.39836348,396.5293368,396.5293368,64,0
0,42.95567063,392.5628088,392.5628088,64,0
0,43.11802497,394.0175038,394.0175038,64,0
0,43.13396252,394.1603042,394.1603042,64,0
0,42.67796479,390.0745645,390.0745645,64,0
0,42.82732958,391.412873,391.412873,64,0
0,42.88047726,391.8890763,391.8890763,64,0
0,42.73383812,390.5751896,390.5751896,64,0
0,42.09300841,384.8333554,384.8333554,64,0
0,42.19345905,385.7333931,385.7333931,64,0
0,42.10927024,384.9790614,384.9790614,64,0
0,41.9492996,383.5457244,383.5457244,64,0
0,41.66472253,380.9959138,380.9959138,64,0
0,41.52299835,379.7260652,379.7260652,64,0
0,41.28207309,377.5673749,377.5673749,64,0
0,41.24736875,377.256424,377.256424,64,0
0,40.88384246,373.9992285,373.9992285,64,0
0,40.90332305,374.1737745,374.1737745,64,0
0,40.54689529,370.9801818,370.9801818,64,0
0,40.34542636,369.1750202,369.1750202,64,0
0,40.3047179,368.8102724,368.8102724,64,0
0,40.154916,367.4680474,367.4680474,64,0
0,39.98102059,365.9099445,365.9099445,64,0
0,39.63791362,362.8357061,362.8357061,64,0
0,39.29587344,359.771026,359.771026,64,0
0,39.20888199,358.9915826,358.9915826,64,0
0,38.96309356,356.7893183,356.7893183,64,0
0,38.6233083,353.7448424,353.7448424,64,0
0,38.77638339,355.1163952,355.1163952,64,0
0,38.44316079,352.1307207,352.1307207,64,0
0,38.07306397,348.8146532,348.8146532,64,0
0,37.5695291,344.3029807,344.3029807,64,0
0,37.22904423,341.2522363,341.2522363,64,0
0,37.0625664,339.760595,339.760595,64,0
0,36.9184162,338.4690091,338.4690091,64,0
0,36.25475801,332.5226318,332.5226318,64,0
0,35.94928371,329.7855821,329.7855821,64,0
0,35.87595842,329.1285874,329.1285874,64,0
0,35.40411225,324.9008458,324.9008458,64,0
0,35.31993925,324.1466556,324.1466556,64,0
0,34.73156528,318.8748249,318.8748249,64,0
0,34.36253079,315.5682759,315.5682759,64,0
0,33.94517455,311.828764,311.828764,64,0
0,33.54886767,308.2778543,308.2778543,64,0
0,33.13734339,304.5905967,304.5905967,64,0
0,32.76747331,301.2765609,301.2765609,64,0
0,32.29304092,297.0256467,297.0256467,64,0
0,32.00914679,294.4819553,294.4819553,64,0
0,31.3885847,288.9217189,288.9217189,64,0
0,30.98966843,285.3474292,285.3474292,64,0
0,30.81694542,283.799831,283.799831,64,0
0,30.21070827,278.3679461,278.3679461,64,0
0,29.72211781,273.9901756,273.9901756,64,0
0,29.11757475,268.5734698,268.5734698,64,0
0,28.69489534,264.7862622,264.7862622,64,0
0,28.03466534,258.8706014,258.8706014,64,0
0,27.70961438,255.9581448,255.9581448,64,0
0,27.09937082,250.4903625,250.4903625,64,0
